{
  "65d58db5-df93-4ad0-a1ff-5974603216b8": {
    "stage": 1
  },
  "b36a387e-2fc9-4f4a-875b-37213f531d2f": {
    "stage": 2
  },
  "aa0c1137-fd05-4d74-8ede-f706840f781f": {
    "stage": 1
  },
  "b66ffd6b-54c6-4c81-aee8-37ba71f6df20": {
    "stage": 1
  },
  "dec0c057-1fec-4062-bb36-ebd356b1b984": {
    "stage": 1
  },
  "1e02bebf-2a8d-460b-bd2f-90126beae099": {
    "stage": 1
  },
  "undefined": {
    "stage": "Transcoding",
    "percent": 50.22694417404128,
    "eb5c8775-cc90-4ad5-9e35-6fd6035cd415_high.mp4": 99.71469329529245,
    "eb5c8775-cc90-4ad5-9e35-6fd6035cd415_high.webm": 99.85734664764622,
    "eb5c8775-cc90-4ad5-9e35-6fd6035cd415_low.mp4": 99.71469329529245,
    "eb5c8775-cc90-4ad5-9e35-6fd6035cd415_low.webm": 99.85734664764622,
    "a019cec8-b7a1-43e3-9aba-0a27a5f52286_low.webm": 5.912086896410364,
    "a019cec8-b7a1-43e3-9aba-0a27a5f52286_high.webm": 3.023109006366905,
    "a019cec8-b7a1-43e3-9aba-0a27a5f52286_high.mp4": 61.38046238524477,
    "a019cec8-b7a1-43e3-9aba-0a27a5f52286_low.mp4": 99.86577499189512,
    "ca0801f3-9285-4f00-b3df-4fb08fa97507_low.webm": 1.6095733958813558,
    "ca0801f3-9285-4f00-b3df-4fb08fa97507_low.mp4": 28.02308553342155,
    "ca0801f3-9285-4f00-b3df-4fb08fa97507_high.mp4": 12.73213827254867,
    "ca0801f3-9285-4f00-b3df-4fb08fa97507_high.webm": 0.7841511415832244
  }
}